{"status":"done","publicPath":"http://localhost:3011/bundle/","chunks":{"main":[{"name":"main.js","publicPath":"http://localhost:3011/bundle/main.js","path":"/home/sai/Desktop/AWS-EC2/web/static/dist/main.js"},{"name":"0.af95d5977975ab979a4b.hot-update.js","publicPath":"http://localhost:3011/bundle/0.af95d5977975ab979a4b.hot-update.js","path":"/home/sai/Desktop/AWS-EC2/web/static/dist/0.af95d5977975ab979a4b.hot-update.js"},{"name":"main.map","publicPath":"http://localhost:3011/bundle/main.map","path":"/home/sai/Desktop/AWS-EC2/web/static/dist/main.map"},{"name":"main.map","publicPath":"http://localhost:3011/bundle/main.map","path":"/home/sai/Desktop/AWS-EC2/web/static/dist/main.map"}]},"error":"ModuleBuildError","message":"Module build failed: SyntaxError: Unexpected token (42:74)\n\n  40 | \n  41 |   function deleteUserWebhook(integrationId, webhookId) {\n> 42 |     return http.delete(endpoint.userWebhooks(integrationId) + webhookId + );\n     |                                                                           ^\n  43 |   }\n  44 | \n  45 |   function submitForm(data){\n"}